award number,published_year,investigators
650S579,1965,
9711683,1997,"Waylen,Peter"
66E5248,1966,
0214481,2002,"Gray,Leslie"
0903073,2009,"Kinder,Kimberley|Watts,Michael"
0136284,2002,"Latz,Gil"
0196548,2001,"Ye,Hengchun"
8709312,1987,"Smith,Tony"
0402461,2004,"Rocheleau,Dianne"
9496170,1993,"Michener,William"
0078880,2000,"Withers,Suzanne"
0137029,2002,"Giuliano,Genevieve"
8412406,1984,"Robinson,Vincent"
8020386,1981,"Zemanian,Armen"
9508294,1995,"Denevan,William"
9911232,2000,"Domosh,Mona"
9975699,1999,"Monmonier,Mark"
8420250,1985,"Hall,Peter|Markusen,Ann"
9401940,1994,"Johansen,Harley"
0318174,2003,"Echeverri-Carroll,Elsie"
7205266,1972,"Nystrom,J."
9807195,1998,"Gomez,Basil"
660A253,1966,
7504516,1975,"DATA NOT AVAILABLE,"
8308119,1983,"Brueckner,Jan"
9900933,1999,"Elliott-Fisk,Deborah"
8604552,1986,"Sack,Robert"
0819416,2008,"Carleton,Andrew"
8722443,1988,"Wolman,M."
7727698,1979,"Graf,William"
0849541,2009,"Jeffrey,Craig|Mitchell,Katharyne"
9802341,1998,"Momsen,Janet"
0752378,2008,"Goulias,Kostas"
9730642,1998,"Grant,Richard"
8714013,1987,"Densham,Paul|Rushton,Gerard"
9628720,1996,"Bauer,Bernard|Sherman,Douglas"
0825414,2008,"Coles,Britt|Stepp,John"
9404722,1994,"Hart,Gillian"
7923686,1980,"Church,Richard|Bell,Thomas"
0234018,2002,"Fagre,Daniel|Walsh,Stephen|Butler,David|Malanson,George"
8921953,1990,"Congalton,Russell|Turner,Matthew|Watts,Michael"
8506397,1985,"Smith,Tony"
9703502,1997,"Leigh,David"
8212424,1983,"Chin,Roland|Weinman,James"
8508459,1985,"Abrahams,Athol"
0852039,2009,"Lee,Jaehoon|Harden,Carol"
9730475,1998,"Arnfield,A"
0432327,2004,"Painter,Thomas"
8421263,1985,"Sato,Tokiko|Armstrong,R. Warwick"
8006561,1980,"Place,Carol"
9100203,1991,"Duckworth,W. Donald"
0919790,2009,"Rabie,Kareem|Blim,Michael"
8112007,1981,"Brown,Marilyn"
0240962,2003,"Zimmerer,Karl"
8208264,1982,"Boyce,David"
0526582,2005,"Young,Kenneth"
9402225,1994,"None,None"
70W5351,1970,
8820423,1989,"Watkins,John|Leinbach,Thomas"
9420612,1995,"Li,Changsheng|Keller,Michael|Schimel,David|Gerow,Ken|Reiners,William"
7418406,1975,
0002471,2000,"Sherman,Douglas"
9410957,1994,"Khandaker,Nazrul|Marcus,William"
9022747,1991,"Knudsen,Daniel"
0743498,2008,"Schoennagel,Tania|Veblen,Thomas"
7809920,1979,"Pred,Allan"
9808989,1998,"Allen Jr,Thomas|Cairns,David|Kupfer,John"
8642431,1986,"Martin,Geoffrey"
8910972,1989,"Browder,John"
8204376,1982,"Scott,Allen"
0221949,2002,"Johnson,David|Hunt,Andrew|Griffith,Daniel"
9707914,1997,"Johnson,Valen|West,Mike|Higdon,David|Wolpert,Robert"
9701451,1997,"Sheppard,Eric"
8852459,1989,"Young,Cyrus"
7801386,1978,"Olsen,R.|Allaman,Peter"
0623059,2006,"Pickles,John"
0099014,2001,"Carleton,Andrew"
0000893,2000,"Kirchner,James|Dietrich,William"
0715070,2007,"Baker,William"
0118012,2001,"Johnson,William"
0802593,2008,"Lam,Nina"
8014257,1980,"Fujita,Masahisa"
7922858,1979,"Kelly,William"
0703463,2007,"Skop,Emily"
9312528,1993,"Roseman,Curtis"
9907026,1999,"Turner,B."
0821428,2007,"Wasklewicz,Thad"
0213259,2002,"Stults,Brian|Logan,John"
9628713,1996,"Johnson,Douglas"
0703360,2007,"Schwartz,Mark"
9905349,2000,"Talen,Emily"
7800247,1978,"Dunn,Edgar"
9224872,1992,"Zeigler,Donald"
9308334,1993,"Hinkel,Kenneth"
8721494,1988,"Odion,Dennis|Davis,Frank"
8520076,1986,"Horowitz,Joel"
9024685,1991,"Bauer,Bernard"
9600985,1996,"Proctor,James"
9618385,1997,"Chan,Kam-Wing"
9012724,1990,"Kesel,Richard"
0000265,2000,"Carney,Judith"
9305629,1993,"Denevan,William"
9508033,1995,"Terwilliger,Valery"
0000299,2000,"Jones,John"
0722825,2007,"Secor,Anna"
8308021,1983,"Heusser,Calvin"
9515111,1997,"Warner,Timothy|Weiner,Daniel|Harris,Trevor"
9650404,1996,"Zurick,David|Marionneaux,Ronald|Sambrook,Richard|Adams,William|Stradford,H. Todd"
9905866,1999,"Musso,Juliet|Wolch,Jennifer"
0646989,2006,"Liben,Lynn"
8305378,1983,"Clark,William A"
0425770,2004,"Sherman,Douglas"
0079979,2000,"Goodchild,Michael"
9001220,1990,"Lawson,Victoria"
0076552,2000,"Sluyter,Andrew"
0918942,2009,"Sakshaug,Joseph|Raghunathan,Trivellore"
9112420,1992,"Maslanik,James|Armstrong,Richard|Barry,Roger"
68Y4046,1968,
7619634,1976,"Clark,William A"
9311303,1993,"Miller,Gifford"
8409054,1985,"Rogers,Andrei"
8024555,1981,"Oberlander,Theodore"
8805362,1988,"Hart,Pembroke"
0616957,2006,"Zhao,Tian|Zhang,Chuanrong|Peng,Zhong-ren"
8320662,1984,"Martin,Geoffrey"
0003930,2000,"Berg,Richard"
9627881,1996,"Walker,Richard"
9810440,1998,"Clarke,Keith"
0603845,2005,"Gamper-Rabindran,Shanti"
0322334,2003,"Agnew,John|Shin,Michael"
9308857,1993,"Takahashi,Lois"
9696116,1995,"Blum,Michael"
9406594,1994,"Jarosz,Lucy"
7355475,1973,
9412262,1994,"Thompson,Lonnie"
8596014,1985,"Clark,Gordon"
8320419,1984,
0602518,2006,"Secor,Anna"
9696126,1995,"Feldman,Maryann"
8719273,1988,"Davis,Owen"
8414398,1985,"Scott,Allen"
0852463,2009,"Partridge,Mark|Boarnet,Marlon"
9222591,1993,"Saltzman,Barry"
9410580,1994,"Hart,Gillian"
8405263,1984,"Uman,Myron"
8210598,1982,
8313448,1984,"Corcoran,William"
0902925,2009,"Kurtz,Hilda|McCutcheon,Priscilla|Holloway,Steven"
8218370,1983,"Mayer,Jonathan"
0602658,2006,"Lahr,Michael"
0112475,2001,"Musso,Juliet|Wolch,Jennifer"
0902685,2009,"Walker,Kyle|Leitner,Helga"
9153815,1991,"Jarrell,Wesley|Andrews,Stephen"
0723986,2007,"Gokariksel,Pervin"
9710445,1997,"Mitchneck,Beth"
7409949,1974,"Hudson,John"
7905530,1979,"Pyle,Gerald"
8006996,1980,"Carlson,Alvar"
9322611,1994,"Wolcott,John"
0452152,2005,"Wangari,Esther|Emel,Jacque"
0221376,2002,"Bradley,Raymond"
8120889,1982,"Zinnes,Joseph"
9410411,1994,"Liu,Kam-biu"
9119009,1992,"French,William"
9506643,1995,"Blum,Michael"
8208448,1982,"Muller,Edward"
9873086,1998,"Bickel,Peter|Malik,Jitendra"
9113062,1991,"Aitken,Stuart"
9711867,1997,"Gregory,James"
9001229,1990,"Mark,David"
9506485,1995,"Onsrud,Harlan"
9207836,1992,"Golledge,Reginald"
7681736,1976,"Alonso,William"
0425734,2004,"Padoch,Christine"
0525469,2005,"Bilsborrow,Richard"
9514862,1996,"Lansing,John"
7908758,1979,"Morrill,Richard"
0924719,2009,"James,Allan"
0807462,2008,"Mills,Jacqueline|Curtis,Andrew"
9631795,1996,"Peet,Richard"
0602581,2006,"Rey,Sergio"
9304779,1993,
9405254,1994,"Pickles,John"
0425077,2004,"Silvey,Rachel"
9628200,1996,"Manz,Beatriz"
8213425,1983,"Clarke,Antony|Charlson,Robert"
8922706,1990,"Press,S. James"
0080447,2000,"Onsrud,Harlan"
9300633,1993,"Gopal,Sucharita"
9711393,1997,"Randolph,James"
9810127,1998,"Guldmann,Jean-Michel"
7615525,1976,"Ballou,Donald|Pipkin,John"
9809245,1998,"Soule,Peter|Grissino-Mayer,Henri|Knapp,Paul"
0849625,2009,"Elwood,Sarah"
7823945,1978,"Larimore,Ann"
9508202,1995,"Herwitz,Stanley"
8900403,1989,"Dorn,Ronald"
0000281,2000,"Orvis,Kenneth"
9818545,1999,"Kitchin,Robert|Blades,Mark|Jacobson,R. Daniel|Golledge,Reginald"
0136830,2002,"Rock,Michael|Angel,David"
9305394,1993,"Chan,Kam-Wing"
9303692,1993,
9423204,1995,"Turner,B."
9627817,1996,"Romm,Jeffrey"
0000309,2000,"Nagurney,Anna"
8109290,1981,"Beyers,William"
9906948,1999,"Roberts,Susan"
0727220,2007,"Zarin,Daniel"
9709137,1997,"Rigby,David"
9801949,1998,"Fortmann,Louise"
6931164,1969,
9551046,1995,"Scuderi,Louis"
0314710,2003,"Roe,Gerard|Bitz,Cecilia|Putkonen,Jaakko"
9304124,1993,"McHugh,Kevin"
8822459,1989,"Hewings,Geoffrey J"
8014246,1980,"Brown,Dwight"
0351004,2004,"Zwick,Martin|Fountain,Andrew"
0552364,2006,"Pinter,Nicholas"
0082009,2000,"Proctor,James"
7140229,1971,
9313704,1994,"Parker,Albert|Parker,Kathleen"
9701555,1997,"MacEachren,Alan"
0098389,2001,"Onsrud,Harlan"
8310577,1983,"Huff,James"
9204521,1992,"Davidson,Jennifer|Cressie,Noel"
9901082,1999,"Lo,Chor-Pang"
9403608,1993,"Anthes,Richard"
0927640,2009,"Beymer,Betsy|Bassett,Thomas"
0730195,2007,"Scherr,Alexander|Martin,Deborah"
0849826,2009,"Elliott,James"
9896014,1997,"Moran,Emilio"
0803102,2008,"Kinzig,Ann"
9017172,1990,"Lopez,Xavier|Gakenheimer,Ralph"
7923693,1979,"Johnson,William"
9002699,1990,"O'Loughlin,John"
0117338,2001,"Liu,Kam-biu"
9001343,1990,
6931161,1969,
9911526,2000,"Souch,Catherine|Filippelli,Gabriel"
9818850,1999,"Feddema,Johannes|Myers,Garth"
0911642,2009,"Kendall,Anthony|Van Dam,Remke|Hyndman,David"
9009137,1990,"Robinson,Jennifer"
8711514,1987,"Wyckoff,William|Hansen,Katherine"
9205094,1992,"Dorn,Ronald"
0237980,2003,"Elwood,Sarah"
0351288,2004,"Odland,John"
9811322,1998,"Rhoads,Bruce"
8810917,1988,"Tobler,Waldo|Smith,Terence|Estes,John|Goodchild,Michael"
9022845,1991,"Monmonier,Mark"
9801943,1998,"O'Loughlin,John"
9452794,1995,"Gersmehl,Philip"
9111588,1991,"Horn,Sally"
9158230,1991,"Bauer,Bernard|Sherman,Douglas"
9017202,1991,"Marsh,Bruce|Veblen,David|Ferry,John"
8703206,1987,"Ribot,Jesse|Watts,Michael"
8309699,1983,"Patten,Duncan|Marcus,Melvin"
9112757,1991,"Beatty,Susan"
9116988,1991,"Ward,Matthew|Gennert,Michael|Hachem,Nabil"
9321930,1993,"Ollenburger,Jane|Tobin,Graham"
9411168,1994,"Shrestha,Nanda"
9726862,1997,"Hopkinson,Charles"
9009285,1990,"Meyer,David"
9452769,1995,"Akuginow,Erna|Riel,Margaret|Haines-Stiles,Geoffrey"
7680408,1976,"Reynolds,David"
9819911,1999,"Bell,James|O'Loughlin,John"
8606309,1986,"Smith,Tony"
9001862,1990,"Cressie,Noel"
9710957,1997,"Sparke,Matthew"
0908030,2008,"Matisziw,Timothy"
0302670,2003,"Harrington,James"
6216056,1962,
9420686,1994,"Magilligan,Francis"
8515592,1986,"Goss,Jonathan|Leinbach,Thomas"
8318880,1984,"Richardson,Harry|Gordon,Peter"
0454993,2005,"Kyriakidis,Phaedon|Sweeney,Stuart"
8017712,1980,"Kates,Robert"
8020241,1981,"Hoffman,George"
7804604,1978,"Barrett,Ward"
0111481,2001,"Nyerges,Timothy|Jankowski,Piotr"
9724988,1998,"Smith,Neil"
8120871,1982,"MacKay,David"
8024562,1981,"Stafford,Howard"
9511129,1995,"Lawson,Victoria"
9710068,1997,"Rhoads,Bruce"
8608902,1986,"Roberts,Rebecca"
8713237,1987,"Veblen,Thomas"
0136378,2002,"Conway,Howard"
9628027,1996,"Parker,Kathleen"
0924534,2009,"Klippel,Alexander"
8512435,1985,"Anas,Alex"
8209401,1982,"LeBlanc,Larry"
9320786,1994,"Robinson,David"
0424066,2004,"Shatkin,Gavin"
0923909,2009,"Joyce,Arthur"
9213611,1992,"Markusen,Ann"
7910235,1979,"Kresge,David"
8212961,1982,"Desbarats,Jacquelin"
8814111,1989,"Borko,Harold"
9802363,1998,"Zimmerer,Karl"
9911315,2000,"Konrad,Charles"
8719003,1988,"Parker,Stephen"
0351430,2004,"Song,Conghe"
8400400,1984,"Fuchs,Roland"
9628723,1996,"Rocheleau,Dianne"
67S1363,1967,
9708240,1997,"Graf,William"
8409936,1985,"Delehanty,James|Porter,Philip"
9305436,1993,
0824667,2008,"Beyer,Kirsten|Rushton,Gerard"
0550585,2006,"Mitchell,Donald"
8613982,1986,"Wilder,Margaret"
8208104,1982,"Hall,Peter|Markusen,Ann"
0322850,2003,"Nislow,Keith|Renshaw,Carl|Heimsath,Arjun|Magilligan,Francis"
8105892,1981,"Huff,James"
0648615,2007,"Montgomery,David"
0096078,1999,"Grant,Richard"
8111461,1981,"Hiscox,William|Maier,Michael"
68S2037,1968,
0138588,2002,"Harvey,Charles|Islam,Shafiqul"
8722383,1988,"Pratt,Geraldine|Hanson,Susan"
8619377,1987,"MacKay,David"
0440511,2005,"Filippi,Anthony|Bednarz,Robert|Klein,Andrew|Bednarz,Sarah"
9906604,1999,"Blaut,James"
8696078,1986,"Jackson,Randall"
8916528,1990,"Kim,Tschangho"
9105865,1991,"Mensing,Scott|Byrne,A. Roger"
9812141,1998,"Doonan,William"
0717688,2007,"Emch,Michael"
8821432,1989,"Gersmehl,Philip"
0502020,2005,"Getis,Arthur"
8024565,1981,"Brown,Lawrence"
8120405,1982,"Jakubs,John"
0727187,2007,"Padoch,Christine"
0116876,2001,"McCarthy,Linda|Lindquist,Peter|Schneider,Karl|Lawrence,Patrick|Czajkowski,Kevin"
0079320,2000,"Jacobs,Peter"
65E7065,1965,
9732855,1997,"Black,William"
9013329,1990,"Herwitz,Stanley"
8719442,1988,"Berger,C. Rainer"
0850593,2009,"Attig,John"
9300017,1993,"Zurick,David"
9207878,1992,"Binford,Michael"
0623442,2007,"Shuman,Bryan"
9310369,1993,"Featherman,David|Prewitt,Kenneth"
9810908,1998,"Graf,William"
0241298,2003,"Psuty,Norbert"
9801700,1998,"AlSayyad,Nezar"
0322349,2003,"Kyriakidis,Phaedon"
9014439,1990,
8414703,1984,"Scranton,Philip"
0705358,2006,"Wood,Andrew"
8804693,1988,"Barron,Eric"
8910702,1989,"Herb,Guntram|Woodward,David"
0095641,2001,"Stow,Douglas|Getis,Arthur|Gadalla,Mahmoud|Weeks,John"
8420781,1985,"Eagleson,Peter"
9906002,1999,"Liu,Kam-biu"
9900942,1999,"Franklin,Janet"
0622916,2006,"Rhoads,Bruce"
9729571,1998,"Woodhouse,Connie"
9002700,1990,"Isard,Scott"
0752019,2008,"Lin,Ge"
0101424,2001,"Rhoads,Bruce|Abrahams,Athol"
9975705,1999,"Woodward,David"
0080229,2001,"Lozovsky,Natalia"
9907221,1999,"Brook,George"
8706689,1988,"Grossman,Lawrence"
0418166,2004,"Jackson,Stephen|Woodhouse,Connie|Kaye,Margot"
0078141,2000,"Newbold,K. Bruce"
8618778,1987,"Mark,David"
8896246,1988,"Dorn,Ronald"
9104753,1991,
8014255,1980,"Dunn,Edgar"
8308118,1983,"Morrill,Richard"
0350527,2004,"O'Lear,Shannon"
8617482,1987,"Defries,Ruth"
9119725,1992,"Madden,Marguerite|Welch,Roy|Chalmers,Alice|Alberts,James"
8400673,1984,"Osleeb,Jeffrey"
9001243,1990,"Butzer,Karl"
8822273,1989,"Markusen,Ann"
9207863,1992,"Cox,Kevin"
9155264,1992,"Barnhart,Phyllis|Behling,Robert|Repine,Thomas|King,Hobart"
9321163,1994,"Jones,John|Nast,Heidi|Ulack,Richard|Roberts,Susan"
9711774,1997,"Jones,Julia"
9551423,1995,"Bouman,Mark|Mulugeta,Gebeyehu"
9908647,1999,"MAYER,JUDITH|Randolph,John"
7520448,1975,"Cohen,Saul"
9020899,1991,"Markusen,Ann"
9907052,1999,"Bassett,Thomas"
9012908,1990,"Kilkenny,Maureen|Rose,Adam"
9811178,1998,"Brook,George"
0111526,2002,"Becker,Laurence"
0825121,2008,"City,Christopher|Martin,Deborah|Emel,Jacque"
9321212,1994,"King,Gary"
0927687,2009,"Bhuta,Arvind|Kennedy,Lisa"
68S1774,1968,
7707579,1977,"Nam,Charles|Sly,David"
0137106,2002,"Toal,Gerard"
0852549,2008,"Sherman-Morris,Kathy|Brown,Michael|Senkbeil,Jason|Dixon,Grady|Brommer,David"
0623514,2006,"Liu,Kam-biu"
9224817,1993,"Talbot,Robert|Harriss,Robert"
9412377,1994,"Burr,Jeffrey|Mutchler,Jan|Rogerson,Peter"
8413043,1985,"Sonka,Steven|Changnon,Stanley"
7809078,1978,"Church,Richard|Bell,Thomas"
9905213,1999,"Griffith,Daniel"
0848583,2009,"Coen,Deborah"
9876455,1999,"O'Kelly,Morton"
0101219,2001,"Lawson,Victoria"
8112495,1981,"Koppelman,Frank"
9310459,1993,"Abler,Ronald"
9900678,1999,"August,Peter|Mazzotta,Marisa|Johnston,Robert|Opaluch,James"
0001780,2000,"Prucha,Ingmar|Kelejian,Harry"
8308901,1983,"Malecki,Edward"
8011239,1980,"Rivizzigno,Victoria|Isphording,Wayne"
8218451,1983,"Rogerson,Peter"
0004281,2001,"Leung,Chi Kin"
9696115,1995,"Blum,Michael"
9696230,1996,"Moran,Emilio"
9104526,1991,
6426346,1964,
8520051,1986,"Fetter,Bruce"
8511751,1986,"Hanson,Andrew"
6400021,1965,"Lounsbury,John"
64E5248,1964,
7603797,1976,"Isard,Walter"
9950149,1999,"Wasklewicz,Thad|Burnett,Adam"
9223427,1993,"MacEachren,Alan"
0451486,2005,"Miller,Jennifer"
8016416,1980,"Hodge,David"
0136161,2002,"Robeson,Scott"
8713581,1987,"Sternberg,Hilgard"
0958110,2008,"Walker,Joan"
8411300,1984,"Switzer,Paul"
0602703,2006,"Watts,Michael"
9628026,1996,"Abrahams,Athol"
0727606,2007,"FitzSimmons,Margaret"
7614348,1976,"Hudson,John"
8407587,1984,"Lougeay,Ray"
8511460,1985,"McJunkin,David|Sauer,Jonathan"
8209621,1982,"Pellegrino,James|Golledge,Reginald|Smith,Terence"
0354495,2004,"Bridge,Gavin"
8513749,1986,"Oaks,Sherry|Greenland,David"
8105838,1981,"Ralston,Bruce"
7727474,1978,"Feldstein,Martin"
7360109,1973,
9101197,1991,
0822945,2008,"DiGiano,Maria|Schmink,Marianne"
9512033,1995,"Jonas,Andrew|Scott,Thomas"
9905271,1999,"Ostrom,Elinor"
0819396,2008,"Travis,David"
0902222,2009,"Russ,Laura|Takahashi,Lois"
8720597,1988,"Pellegrino,James|Golledge,Reginald"
68W3286,1968,
9300445,1994,"Anselin,Luc|Cushing,Brian|Isserman,Andrew"
9625709,1996,"Xu,Jingping|Stone,Gregory"
9912165,2000,"Spilhaus, Jr.,A. F."
0203254,2002,"Veblen,Thomas"
0134109,2002,"Ioffe,Grigory"
9224090,1993,"Dougherty,Kevin|Etzkowitz,Henry"
9001116,1990,
8721875,1988,"Anselin,Luc"
0826594,2008,"Rey,Sergio"
0616334,2006,"Chambers,Carol|Mast,Joy"
8852720,1988,"Stopp,George"
7808476,1978,"Wasylenko,Michael|Erickson,Rodney"
9618639,1997,"Ioannides,Yannis"
9014537,1990,"Abrahams,Athol"
9450248,1994,"Pearlman,Althea"
8618274,1987,"Harrington,James"
0095993,2001,"Robbins,Paul"
8904210,1989,"Chen,Keh-Hsun (Ken)"
8206940,1982,"Cadwallader,Martin"
8107126,1981,"Steinke,Theodore|Lloyd,Robert"
0727308,2007,"Roy,Ananya"
9907674,2000,"Wetzel,Melanie"
9109538,1991,"Bartik,Timothy"
8715638,1988,"McNulty,Michael"
8821414,1989,"Woodward,David"
9123884,1992,"Mitchell,Robert"
0549319,2006,"Myers,Garth"
0820462,2008,"Weinstein,David"
8219830,1983,"Golledge,Reginald"
9906670,1999,"Feldman,Maryann"
0824856,2007,"Peng,Zhong-ren"
9618371,1997,"Rudel,Thomas"
0552239,2006,"Roy,Ananya"
0548846,2006,"Cuomo,Chris|Hinkel,Kenneth|Eisner,Wendy"
9406595,1994,"Jarosz,Lucy"
8796253,1987,"Roberts,Rebecca"
9451977,1994,"Henderson,Floyd|Stump,Roger|Mower,James"
8503693,1985,"Cressie,Noel"
9601272,1996,"Torn,Margaret|Harden,Jennifer|Lapenis,Andrei"
9317844,1993,"Turner,B."
0110174,2001,"Paul,Bimal"
9978058,1999,"Appelbaum,Richard|Goodchild,Michael"
0623478,2006,"Feng,Zhaodong"
9709806,1997,"Miller,Gifford"
8301010,1983,"Ghosh,Avijit"
9909597,2000,"Blum,Michael"
7811372,1978,"Beyers,William"
8610301,1986,"Johansen,Harley|Rudzitis,Gundars"
8715906,1988,"Swyngedouw,Erik|Schoenberger,Erica"
8821970,1990,"Hsu,Mei-Ling"
8918644,1989,"Dorn,Ronald"
7820530,1978,"Hanson,Susan|Burnett,K."
9811177,1998,"Chan,Kam-Wing"
9506434,1995,"Bassett,Thomas"
0082147,2000,"Momsen,Janet"
0850615,2009,"Lu,Dengsheng|Moran,Emilio"
9109837,1991,"Butler,David"
9206033,1992,
0102191,2001,"Krapf,Kristen|de Souza,Anthony|Spaulding,David|Turner,Paul"
0508984,2005,"Hessl,Amy"
9819138,1999,"Graham,Julie"
9511134,1995,"Bilsborrow,Richard"
9810384,1998,"Parks,Bradley"
7466587,1974,
7910919,1980,"Nostrand,Richard"
8811100,1988,"Bush,Mark|Colinvaux,Paul"
0616763,2006,"Emerson,Charles|Veeck,Gregory"
9817432,1999,"Acharya,Anurag|Goodchild,Michael|Agrawal,Divyakant|Frew,James|Smith,Terence"
8618527,1987,"Kodras,Janet"
8160378,1981,"Zevin,Jack"
9986203,2000,"Rogers,Andrei"
9818665,1999,"Franklin,Janet"
8410564,1984,"Christopherson,Susan"
7925069,1980,"Rushton,Gerard|McNulty,Michael"
9205490,1992,"Prince,Stephen"
9977828,1999,"Zimmerer,Karl"
9911158,2000,"Ye,Hengchun"
7709036,1977,"Larimore,Ann"
9152518,1991,"Macey,Susan"
7601335,1975,"Gould,Peter"
0349512,2004,"Works,Martha|Emch,Michael"
7812537,1978,"Turner,B."
8953392,1989,"Waugh,Michael|McMullen,F.Anne|Brehm,Barbara|Levin,James"
9813966,1998,"White,Wendy"
8015418,1980,"Conklin,George"
7825582,1979,"Vining,Daniel"
0825511,2008,"Root,Elisabeth|Emch,Michael"
7707081,1977,"Wolpert,Julian"
8313190,1984,"Winterhalder,Bruce"
7355449,1973,
9613646,1996,"Turner,Roy|Overmyer,Scott|Turner,Elise|Egenhofer,Max"
0645821,2007,"Whitlock,Cathy"
7355421,1973,
8722676,1988,"Outcalt,Samuel|Nelson,Frederick"
8502802,1985,"Darling,Richard Willia"
0110497,2001,"Harrington,James"
9205571,1992,"Hapke,Holly|Agnew,John"
0919239,2009,"Wilder,Jason|Beier,Paul"
7140231,1971,
0602331,2006,"Byrne,Roger"
8920917,1990,
9811465,1998,"Zimmerer,Karl"
0452103,2005,"Holder,Curtis"
8200901,1982,"Pyle,Gerald"
0623395,2006,"Fortmann,Louise"
0221058,2002,"Storper,Michael"
9906549,1999,"Thompson,Lonnie"
8215663,1983,"Hewings,Geoffrey J|Boyce,David"
7682379,1977,"Feller,Irwin"
0351302,2004,"Stallins,Jon|Changnon,David|Bentley,Mace"
7901589,1979,"MacKay,David"
0082253,2000,"Lawson,Victoria"
9711993,1997,"Staeheli,Lynn"
0602632,2006,"Grissino-Mayer,Henri"
8319058,1984,"Meyer,David"
9353559,1993,"Lanier-Phelps,Ellen|Gillen,James|Houck,Michael|Poracsky,Joseph|Whitney,Gail"
9851437,1998,"Sieber,Renee|Henderson,Floyd|Arnason,John|Mower,James|Lapenis,Andrei"
9807388,1998,"Mock,Cary"
8511280,1985,"Knox,James"
9422580,1995,"Lauria,Mickey"
0079343,2000,"Blum,Michael"
71E8216,1971,
9104139,1991,
0240310,2003,"Aspinall,Richard|Birkeland,Karl|Hansen,Katherine"
9731370,1998,"Ufkes,Frances"
0220486,2002,"Hanson,Susan"
0631200,2007,"Cutler,Paul|de Souza,Anthony"
0126666,2002,"Noe,Garry|Schaus,Maynard|Haley,J. Christopher"
0087572,2001,"Bettis III,Elmer"
8918344,1989,"Jacobson,Harold"
7616832,1976,"O'Sullivan,Patrick"
9900641,1999,"Watts,Michael"
0922737,2009,"Grubesic,Tony"
7719008,1977,"Barber,Gerald|O'Sullivan,Patrick"
9122281,1992,"Fisher,George|Papenfuse,Edward|Brush,Grace|Curtin,Philip"
9404823,1994,"Bhardwaj,Surinder"
9352182,1993,"Ruth,Matthias|Gopal,Sucharita|Annis,Sheldon|Cleveland,Cutler"
0649380,2007,"Schwartz,Mark"
9508272,1995,"Johnson,William"
7826121,1979,"Zelinsky,Wilbur"
8218829,1983,"Lakshmanan,T."
9406722,1994,"Kasperson,Roger"
9984876,2001,"Cope,Meghan"
9005229,1990,"Rhodes,J. Michael"
7728468,1978,"Burnett,K."
0221256,2002,"O'Loughlin,John"
8700910,1987,"Wimberly,Francis|Miller,David|Gorr,Wilpen"
9511529,1995,"Sherman,Douglas|Bauer,Bernard"
0703370,2007,"Kwan,Mei-Po"
9016108,1991,"North,Gerald"
0550329,2006,"Peck,Jamie|Olds,Kristopher"
8007573,1980,"Boxer,Baruch"
0721965,2008,"Butzer,Karl|Hudson,Paul"
9900447,1999,"Sloan,Frank|McElroy,Marjorie"
8407160,1984,"Pellegrino,James|Golledge,Reginald"
0615878,2007,"Engel-Di Mauro,Salvatore"
9506564,1995,"Knox,James"
8607735,1986,"Petrie,William"
0519685,2005,"Hesp,Patrick|Blum,Michael|Hesp,Patrick"
6323445,1963,
9732429,1998,"Hanson,Susan|Lake,Robert"
0071916,2001,"Krapf,Kristen|de Souza,Anthony|Vandemark,Lisa"
8207567,1982,"Hudson,John"
9628940,1996,"Errington,J. Joseph"
8520155,1986,"Lowery,David|Lyons,William"
0117822,2001,"Roberts,Susan"
8609123,1986,"Frank,Andrew"
0703460,2007,"Doolittle,William"
9152749,1991,"Wells,Lisa"
8520389,1986,"Gale,Nathan|Golledge,Reginald|Hubert,Lawrence"
0703153,2007,"Rhoads,Bruce"
9811238,1998,"Beyers,William"
9423249,1995,"Blum,Michael"
8318239,1984,"Kim,Tschangho"
9115750,1991,"Robinson,Peter|Smith,Richard"
0117811,2001,"Knapp,Gregory"
7309159,1973,"Rayner,John|Golledge,Reginald"
9975400,1999,"Lloyd,Robert|Hodgson,Michael"
0727292,2007,"Eastman,J. Ronald"
0106681,2001,"Newhall,Christopher|Montgomery,David"
0327349,2003,"McCann,Eugene"
8310390,1983,"Rosenthal,Howard|Poole,Keith"
7522645,1976,"Demko,George"
0441504,2005,"Doyle,Martin"
8019594,1981,"Thorn,Colin"
9411021,1994,"Nyerges,Timothy"
8922053,1990,"La Greca,Anthony|Golant,Stephen"
9900743,1999,"Weil,Connie"
0213648,2002,"Nijman,Jan|Grant,Richard"
9309684,1993,"Lamoreaux,Naomi|Sokoloff,Kenneth"
0620347,2006,"Pedlowski,Marcos|Browder,John"
0136375,2002,"Gomez,Basil"
9305714,1993,"Erickson,Rodney"
9157667,1991,"Murphy,Alexander"
9796254,1997,"Grindlay,Nancy"
9627812,1996,"MacPherson,Alan"
7925115,1980,"Levin,Irwin"
7466220,1974,
0404618,2003,"Bridge,Gavin"
0202018,2002,"Oakes,Timothy"
9631437,1996,"Elmore,David|Harbor,Jonathan"
9207765,1992,"MacKay,David"
8904352,1989,"Knox,James"
9119032,1991,"Marcus,Melvin|de Souza,Anthony"
9911510,2000,"Silvey,Rachel"
8420508,1985,"Aiken,Charles"
9600490,1996,"Malecki,Edward"
9530091,1996,"Dousset-Flament,Benedicte"
0096812,2001,"Ruth,Matthias"
9022868,1991,"Hanson,Susan"
8016760,1980,"Garfinkel,Robert"
9319967,1994,"Schaetzl,Randall"
8519506,1986,"Low,Frank|McCarthy,Donald"
9412901,1994,"Mark,David"
0243092,2003,"Perz,Stephen"
8112792,1981,"Putman,Stephen"
0521774,2005,"Aalto,Rolf"
8701108,1987,"Scott,Allen"
0623599,2006,"Murphy,Alexander"
9650966,1996,"Wilder,Dean|Weinkauf,Ronald|Stoelting,Paul|Chu,Gregory"
0000266,2000,"Quigley,John"
7906662,1979,"Rooney,John"
9021778,1991,"Harris,Trevor"
9696236,1996,"Horowitz,Joel|Thill,Jean-Claude"
0526312,2005,"Foote,Kenneth"
8520159,1986,"Pratt,Geraldine|Hanson,Susan"
8208305,1982,"Haynes,Kingsley"
9152930,1991,"Kelley,Philip"
9406130,1994,"Schoenberger,Erica"
9308889,1993,"Myers,Dowell"
9707648,1997,"Gomez,Basil"
7811378,1978,"Arey,David"
68S1853,1968,
9305029,1993,
0824618,2009,"Marsden,Peter|Hout,Michael|Smith,Tom"
0241637,2004,"Dixon,John"
68S1778,1968,
9711900,1997,"Brown,Lawrence"
8512205,1986,"Sheppard,Eric"
0903088,2009,"Moeller,Kathryn|Roy,Ananya"
7251022,1972,
0921436,2009,"Steinberg,Philip"
0962689,2010,"Lawson,Victoria"
0616724,2006,"Yu,Hongbo|Shaw,Shih-Lung"
9730661,1998,"Hanson,Susan"
0503305,2005,"Cronon,William"
8421027,1985,"Muller,Peter"
9802637,1998,"Sack,Robert"
9802091,1998,"Jones,John"
9109733,1991,"Malecki,Edward"
8812587,1988,"Abrahams,Athol"
67B6328,1967,
0112676,2001,"Tomaskovic-Devey,Donald|Thomas,Melvin"
0851898,2009,"Hultman,Nathan"
7815142,1978,"Hewings,Geoffrey J"
0925151,2009,"Carmody,Padraig|Murphy,James"
8304921,1983,
9406571,1994,"Angel,David"
9455632,1995,"Hanson,Susan"
0547725,2006,"Torres,Rebecca"
0349825,2004,"Leslie,Paul"
0003447,2001,"Bierman,Paul"
7906395,1979,"Hudson,John"
7808475,1978,"Edwards,Clinton"
9106114,1991,"Reeder,Philip|Day,Michael"
9406448,1994,"Roseman,Curtis"
8509946,1985,"Zaniewski,Kazimierz|Borowiecki,Barbara"
0752904,2008,"Sills,Erin"
6931153,1969,
7246130,1972,
0610831,2005,"Myint,Soe Win"
9712016,1997,"Sherman,Douglas|Bauer,Bernard"
0518429,2005,"Patten,Duncan|Shanley,James|Graumlich,Lisa|Gardner,Kristin|McGlynn,Brian"
8107229,1981,"Denevan,William"
9811187,1998,"Horn,Sally"
9627919,1996,"O'Loughlin,John"
8618084,1987,"Michaelsen,Joel"
8319062,1984,"Hsu,Mei-Ling"
9728841,1998,"Wells,Lisa|Noller,Jay"
0620793,2006,"Shinker,Jacqueline|Gray,Stephen|Fagre,Daniel|Graumlich,Lisa|Pederson,Gregory|Graumlich,Lisa"
8900402,1989,"Kubik,Peter"
0652304,2007,"Feng,Zhaodong"
9023061,1991,"MacEachren,Alan"
9225136,1993,"Ongtooguk,Paul|Schneider,William"
0302703,2003,"Tague,Christina"
0002282,2000,"Lake,Robert"
8040696,1980,"Welch,Roy|Pannell,Clifton"
9708436,1998,"Newbold,K. Bruce"
8600465,1986,"Anselin,Luc"
0525592,2005,"Carr,David"
0751292,2008,"Roberts,Dar"
9508061,1995,"Mathewson,Kent"
0196547,2001,"Malanson,George"
9011869,1991,"Robinson,David"
0327293,2003,"Arce,Javier|Pinedo-Vasquez,Miguel"
9122232,1992,"Griffith,Daniel"
9122659,1992,"Nordstrom,Karl"
9411008,1994,"Jankowski,Piotr"
9314750,1993,"Jacobson,Harold"
8712109,1987,"Olson,Judy"
9223033,1993,"Madden,Janice"
8709590,1987,"Schneider,Nicholas|Ritter,Dale"
8420162,1985,"Pyne,Stephen"
0002446,2000,"Rocheleau,Dianne"
68S2023,1968,
0454840,2005,"Leinbach,Thomas|Zook,Matthew"
8608123,1986,"Posey,Darrell|Parker,Eugene"
0317293,2003,"Heller,Morton"
0825823,2008,"Smith,Jeremy|Veblen,Thomas"
8907871,1989,"Vural,Leyla|Lake,Robert"
9096117,1989,"Kenney,Martin"
0002346,2000,"Liu,Kam-biu"
0820501,2008,"Knowles,Anne"
8208339,1982,"Fotheringham,A. Stewart"
0721025,2007,"Nijman,Jan|Grant,Richard"
0228878,2003,"Pamuk,Ayse|LeGates,Richard"
7516103,1975,"Dacey,Michael"
9351569,1993,"Warren,Stacy"
0519764,2005,"Tornqvist,Torbjorn"
8800631,1988,"Shafer,David|Davis,Owen"
9423650,1995,"Hester,Thomas|Morton,Robert|Ricklis,Robert"
0352683,2004,"Mason,Joseph"
8821551,1989,"Conklin,Harold"
9601270,1996,"Hopkins,Lewis|Knaap,Gerrit"
0928871,2009,"Holland,Edward|O'Loughlin,John"
68S1755,1968,
0722402,2007,"Murray,Brad"
0233386,2003,"Olson,Judy|Lobben,Amy"
9304330,1993,"Watts,Michael"
9122129,1992,"Brazel,Anthony"
9820067,1999,"Mitchell,Donald"
8605437,1986,"Richardson,Bonham"
9619410,1997,"Morgan,Penelope"
7309037,1972,"DATA NOT AVAILABLE,"
8117807,1982,"Sack,Robert"
9627007,1996,"Moskovits,Debra|Mueller,Gregory|Muraski-Stotz,M. Frances"
9406270,1994,"Campbell,David"
0814537,2008,"Zandbergen,Paul"
9224003,1993,"Polenske,Karen"
9024225,1991,"Herricks,Edwin|Rhoads,Bruce"
0243295,2003,"Froehling,Oliver|Jones,John|Roberts,Susan"
8921273,1990,"Logan,John|Alba,Richard"
9023967,1991,"Sonnenfeld,Joseph"
8750004,1987,"Petersik,J.Timothy"
0603088,2006,"Roy,Ananya"
8706623,1987,"Riehl,Herbert|Barry,Roger"
7305695,1974,"Sternberg,Hilgard"
8912046,1989,"Brook,George"
9712017,1997,"Murton,Brian"
0924521,2009,"Lafon,Charles|Cairns,David"
0101229,2001,"Jones,John"
9726863,1997,"McDonnell,Archie|Evans,Barry|Hamlett,James|Petersen,Gary|Knight,C. Gregory"
9211924,1992,"Cox,Kevin"
8306205,1983,"Evinger,Suzann"
9008956,1990,"Lawson,Victoria"
0616030,2006,"Murphy,James"
8218690,1983,"Bohland,James"
0825843,2008,"Martin,Lauren|Secor,Anna"
9208169,1992,"Herwitz,Stanley"
0309918,2003,"Baker,William"
9404718,1994,"Dorn,Ronald"
8215141,1983,"Gober,Patricia"
0703357,2007,"Dunn,Elizabeth"
8714409,1988,"Roberts,Rebecca"
0640859,2007,"Beissinger,Steven|Cicero,Carla|Conroy,Chris|Moritz,Craig"
8707504,1987,"Knox,James"
0540928,2006,"Schoennagel,Tania|Veblen,Thomas"
0503178,2005,"Crews,Kelley"
9711688,1997,"Smith,Nigel J."
0630394,2006,"Malanson,George|Shen,Zehao|Linderman,Marc"
0117381,2001,"Zimmerer,Karl"
7503433,1974,"Gale,Stephen"
8901437,1989,"Phillips,Fred"
9422817,1995,"Jarosz,Lucy"
7618307,1976,"DATA NOT AVAILABLE,"
9208620,1992,"Lee,Lung-fei"
9819148,1999,"Schaetzl,Randall"
8219548,1983,"Chapman,Murray"
0136193,2002,"Pace,Kelley"
0243045,2003,"Oakes,Timothy"
8309590,1984,"O'Kelly,Morton"
0402498,2004,"Robbins,Paul"
7421670,1975,
8604438,1986,"Teitz,Michael"
0417131,2004,"Goodchild,Michael"
0424916,2004,"Clarke,Keith"
0648025,2007,"Schoof,Justin"
0228853,2003,"Wohl,Ellen"
9320043,1994,"Hooks,Gregory"
9809154,1998,"Stoll,Michael"
69Y5918,1969,
0929005,2009,"Moore,Jamila|Ng'Weno,Bettina"
7355538,1973,
9911911,2000,"Turner,B."
8104595,1981,"Murton,Brian"
0821959,2008,"Sugita,Shinya|McLauchlan,Kendra"
8519776,1985,"Haack,Barry"
7714171,1977,"Hanson,Susan"
8317273,1984,
1000317,2009,"Pulver,Simone"
8411367,1984,"Terry,Ronald|Walker,Harley"
0422108,2004,"Schaetzl,Randall"
0902777,2009,"Jensen,Natalie|Mills,Amy"
8121087,1982,"Erickson,Rodney"
8704256,1987,"Wolch,Jennifer"
8309046,1983,"Lentnek,Barry"
9703894,1997,"Porter,Theodore|Ross,Dorothy"
7466582,1974,
6931166,1969,
9950480,1999,"Wisniewski,Lance"
9105700,1991,
9224362,1993,"Lloyd,Robert"
9511577,1995,"Ward,Michael|O'Loughlin,John"
9628727,1996,"Sherman,Douglas"
9000221,1990,"Dwoskin,Gary"
0000233,2000,"Hope,Allen"
8608128,1986,"Stafford,Howard"
9422272,1995,"Rosenfeld,Richard|Kohfeld,Carol"
8200546,1981,"Doolittle,William"
0920370,2010,"Rignall,Karen|Cliggett,Lisa"
9515296,1996,"Guillet,David"
9906946,1999,"Carney,Judith"
8718146,1988,"Kim,Tschangho"
0136818,2002,"Scott,Darren"
0100859,2001,"Knox,James"
7707742,1977,"Zelinsky,Wilbur"
0302425,2003,"Sheppard,Eric"
9014705,1990,
8716764,1988,"Turner,B."
7726752,1978,"Parsons,James"
0327295,2003,"Walker,Richard"
9627457,1996,"Momsen,Janet"
8822436,1989,"James,Allan"
9309357,1993,"Goe,W"
7910521,1979,"Armstrong,R. Warwick"
68E8216,1968,
9973474,1999,"Gopal,Sucharita"
9207278,1992,
9596087,1995,"Shrestha,Nanda"
0818066,2008,"Kockelman,Kara"
9711357,1997,"Wescoat,James"
9421881,1995,"Veblen,Thomas"
0321938,2003,"Morin,Karen"
9251622,1992,"Hartman,Ronald|Gribb,William"
9396228,1993,"Butler,David"
68B7000,1968,
8606835,1986,"Cook,Karen"
0847133,2009,"Mountz,Alison"
0620176,2006,"Pataki,Diane"
7815723,1978,"Porter,Philip"
0243397,2003,"Mutersbaugh,Tad"
9309275,1993,"Oberhauser,Ann"
9810941,1998,"Savage,Melissa"
9119824,1992,"Michener,William"
8110253,1981,"Tobler,Waldo|Golledge,Reginald"
8819686,1989,"LeBoutillier,David|Waylen,Peter"
9511606,1995,"O'Loughlin,John"
9810255,1998,"Emel,Jacque"
7619009,1976,"Rees,John"
0526240,2005,"Schein,Richard"
9422382,1995,"Doolittle,William"
0647838,2007,"Kenney,Martin"
0221043,2002,"Byrne,Roger"
0328234,2003,"Ford,Jesse|Kingston,Deanna"
9408379,1994,"Pandit,Kavita"
0723068,2007,"Allard,Francis|Moore,Robert|Lewis,Jonathan|Benhart, Jr.,John|Chiarulli,Beverly"
8722375,1988,"Graumlich,Lisa"
9810075,1998,"Chrisman,Nicholas"
8520094,1986,"Cox,Kevin"
9730920,1998,"Nijman,Jan"
0520933,2005,"James,Allan"
0317878,2003,"Malecki,Edward"
8610241,1987,"McDermott,Drew"
1003609,2010,"Arenas,Helbert|Lam,Nina"
0921852,2009,"Wynn,Theresa|Curran,Joanna|Resler,Lynn|Hession,William"
9819095,1999,"Birnir,Bjorn|Smith,Terence"
0296075,2001,"Malecki,Edward"
0847722,2009,"Yeh,Emily"
0553965,2006,"Mark,David|Bohnemeyer,Juergen"
6931156,1969,
0818575,2008,"Hewings,Geoffrey J"
9355633,1994,"Rankin,Moira"
0215291,2002,"Marcus,William|McDowell,Patricia"
0748594,2008,"Moritz,Mark"
9155943,1992,"Fox,Edward|Carstensen,Laurence|Morill,Robert|Shaffer,Clifford"
0802672,2008,"Millington,Andrew"
0079252,2000,"Mason,Joseph"
8611088,1986,"Zimmerer,Karl|Parsons,James"
7711318,1977,"Rayner,John|Moellering,Harold"
9318643,1994,"Montello,Daniel|Self,Carole M.|Golledge,Reginald"
8700864,1986,"Scott,Robert|Converse,Philip"
0296032,2001,"Abrahams,Athol|Rhoads,Bruce"
9975657,1999,"Kretzschmar,William"
9801753,1998,"Usselman,Thomas"
0823717,2008,"Martin,Geoffrey"
9422220,1995,"Dorn,Ronald"
8708088,1987,"Fletcher,Thomas|Oberlander,Theodore"
0096646,2000,"Abler,Ronald"
0083110,2000,"Golledge,Reginald"
0350003,2004,"Reidy,Michael|Rydell,Robert"
0837950,2008,"Chang,Heejun|George,Linda|Duh,Jiunn-Der|Shandas,Vivek"
8419773,1985,"Rogerson,Peter"
0930012,2008,"Seto,Karen"
0350910,2004,"Fabrikant,Sara"
0719623,2008,"Solis,Patricia|Richardson,Douglas"
0757085,2007,"Painter,Thomas"
9605043,1997,"Wolch,Jennifer"
7923699,1980,"McMahon,Anne|Sell,Ralph"
8508460,1985,"Griffith,Daniel"
9205760,1992,"Storper,Michael"
8400367,1984,"Petrie,William"
1003598,2010,"McClintock,Nathan|Sayre,Nathan"
8006234,1980,"Meinig,Donald"
0802518,2008,"Blackden,Chris|Roberts,Susan"
0929009,2009,"Gupta,Clare|Fortmann,Louise"
0718091,2007,"Grubesic,Tony"
9896005,1997,"Wiegandt,Ellen|Kohler,Larry"
0351341,2004,"Richardson,Douglas"
7700191,1977,"Tobler,Waldo"
8812828,1988,"Scott,Allen"
7414923,1974,"Janzen,Daniel"
0080826,2000,"Topa,Giorgio"
7808983,1978,"Parsons,Kermit"
9107856,1991,"Smith,Neil"
0002427,2000,"McEvoy,Arthur"
9628375,1996,"Williams,Mark"
7140227,1971,
9724955,1998,"Hanink,Dean"
8822044,1989,"Jackson,Randall"
9500196,1995,"Gilmartin,Patricia"
7726977,1978,"Parnicky,Joseph|Rayner,John"
9811231,1998,"Hanson,Susan"
0302498,2003,"Stallins,Jon"
0622927,2006,"Watts,Michael"
0910041,2009,"Solis,Patricia|Foote,Kenneth|Koeppe,Matthew|Schlemper,Mary|Solem,Michael"
8112783,1981,"Mulligan,Gordon|Gibson,Lay"
8200421,1982,"Petrie,William"
9205068,1992,"Lawson,Victoria"
0921537,2009,"Grabe,Shelly"
8160644,1981,"Manson,Gary"
0091921,2001,"Scott,Allen"
9321238,1994,"Leathers,Daniel"
0602816,2006,"Rogan,John"
9628230,1996,"Graf,William|Marcus,Melvin"
7309058,1973,"Brown,Lawrence"
9315699,1993,"Benioff,Ron"
9628292,1996,"Mitchell,Donald"
0349431,2004,"Mote,Victor"
9627280,1996,"Bonney,Richard|Fitzpatrick,John|Winkler,David|Dhondt,Andre"
0526101,2005,"Curran,Joanna"
8718397,1988,"Meierding,Thomas"
0549997,2006,"Brown,Peter|Grissino-Mayer,Henri|Speer,James"
9300002,1993,"Brillinger,David"
0446539,2004,"Jankowski,Piotr"
0213319,2002,"Haynie,Dana"
0919151,2009,"Li,Changsheng|Martin,Mary|Ollinger,Scott"
9711815,1997,"Lawson,Victoria"
9205322,1992,
9211531,1992,"Brown,Lawrence"
8112494,1981,"Pas,Eric"
8611327,1986,"Klinger,Lee|Veblen,Thomas"
9529780,1996,"Kwan,Mei-Po"
9151370,1991,"Zawislak,Ronald"
0351241,2004,"Sheridan,Scott|Power,Helen"
0001964,2000,"Buckley,Aileen|Walker,Peter"
9506132,1995,"Tinker,Irene|Watts,Michael"
0111743,2001,"McCay,Timothy|McCay,Deanna"
7821524,1979,"Tobler,Waldo"
8707291,1987,"Graham,Julie"
9974540,1999,"Wu,Weiping"
0426609,2004,"Kurtz,Hilda"
8851739,1989,"Wilson,John"
0751263,2008,"Walcott,Susan"
9416308,1994,"Anderson,Robert"
9629843,1996,"Clark,Peter"
9014392,1990,
0221105,2002,"Grimmond,C Susan"
8912471,1989,"Campbell,David"
0243772,2003,"Yarnal,Brenton"
0849823,2009,"Frickel,Scott"
0623230,2006,"Hudson,Paul"
9986561,2000,"Sweeney,Stuart"
8520776,1986,"Price,Martin|Ives,Jack"
8206067,1982,"Hubert,Lawrence|Golledge,Reginald"
9000186,1990,"Marcus,Melvin"
9310049,1993,"Moran,Emilio"
8120749,1982,"Shelley,Fred"
9810945,1998,"Odland,John"
9111036,1991,
8002586,1980,"Fuchs,Roland"
0138349,2002,"Gaile,Gary|Aspaas,Helen|Abler,Ronald"
0201825,2002,"Qi,Ye"
0451509,2005,"Buttenfield,Barbara"
0323131,2003,"Emch,Michael"
8025378,1981,"Stevens,Benjamin"
8618052,1987,"Moellering,Harold"
69E5248,1969,
0751790,2008,"Ellis,Andrew|Balling,Robert|Cerveny,Randall"
9100526,1991,"Moran,Emilio"
9451197,1994,"Yool,Stephen|Comrie,Andrew|Plane,David"
0000557,2000,"Pease,Patrick|Rigsby,Catherine|Gares,Paul|Lecce,Scott"
9508550,1995,"Murton,Brian"
9406575,1994,"Byrne,Roger"
7519039,1975,"Cohen,Saul"
8512376,1985,"Johannessen,Carl"
7707076,1977,"Hanham,R."
9986475,2000,"Ben-Akiva,Moshe"
8309173,1983,"Osleeb,Jeffrey"
9905900,1999,"Rogerson,Peter"
0402503,2004,"Harden,Carol"
8411692,1984,"Thomas,Morgan"
7902811,1979,"Good,Charles"
0214042,2002,"Sun,Yifei"
9403479,1994,"Gomez,Basil"
9520338,1995,"Berry,Kate"
9905293,1999,"Wescoat,James"
9600465,1997,"Goodchild,Michael"
0921704,2009,"Tasch,Jeremy"
9023047,1991,"Golledge,Reginald"
0644924,2007,"Walker,Joan"
9628637,1996,"Beyers,William"
8713229,1987,"Malecki,Edward"
8722310,1988,"MacEachren,Alan"
8518586,1986,"Barry,Roger"
9707782,1997,"Stillman,Michael|Trefethen,Lloyd|Heegard,Chris|Durrett,Richard|Guckenheimer,John"
8418295,1985,"Schofield,Norman"
9114399,1991,"Knox,Paul"
9417137,1994,"Perry,John"
0078686,2000,"Shen,Qing|Peng,Zhong-ren|Sanchez,Thomas"
67E5248,1967,
7615548,1976,"Wilken,Gene"
8105882,1981,"Rees,John"
7140221,1971,
0802756,2008,"Short,Anne|Norgaard,Richard"
0822489,2008,"Rogerson,Peter|Wang,Le"
1005927,2008,"Torres,Rebecca"
8721868,1988,"Malanson,George"
9408160,1994,"Nyerges,Timothy"
0117450,2001,"Hanson,Susan"
0647877,2007,"Nordstrom,Karl|Jackson,Nancy"
0451716,2005,"Robeson,Scott"
1003622,2010,"Engel,Frank|Rhoads,Bruce"
66E8216,1966,
9304397,1993,"Riecke,Hermann|Bernoff,Andrew|Kath,William"
0719673,2007,"George,Marianne|Finney,Ben|Feinberg,Richard"
8006563,1980,"Casetti,Emilio"
8507500,1985,"Walker,Harley"
7246133,1972,
9110306,1991,"Voeks,Robert"
9304604,1993,"Caine,T. Nelson"
9907904,1999,"Sheppard,Eric"
0718279,2007,"Curtis,Walter"
8213846,1982,"Darmody,Robert|Thorn,Colin"
9504088,1995,"Schreuder,Yda"
8303049,1983,"Gould,Peter"
9750537,1997,"Brown,Judith|Armstrong,Marc"
0136988,2002,"Markusen,Ann"
67S1303,1967,
0098832,2001,"Moellering,Harold"
9900915,1999,"Gaile,Gary"
9527844,1996,"Proctor,James"
9105493,1991,"Fearn,Miriam|Liu,Kam-biu"
0901605,2009,"Xiao,Yu|Highfield,Wesley|Van Zandt,Shannon"
0078621,2000,"Bowen,John"
9511965,1996,"Wood,Charles|Pullum,Thomas"
8120793,1982,"Reynolds,David"
0648393,2007,"Mountrakis,Giorgos"
0618364,2006,"Barthelmie,Rebecca|Pryor,Sara"
7140219,1971,
0802898,2008,"Lobben,Amy"
9451856,1994,"Rhodes,Dallas"
0106561,2001,"Wilcock,Peter"
8620016,1987,"Pickles,John"
8209365,1982,"Oi,Walter"
0851108,2009,"Schaetzl,Randall"
8405726,1984,"Hewings,Geoffrey J|Boyce,David"
9618500,1997,"Fan,C. Cindy"
9810881,1998,"Walker,Richard"
0846655,2009,"Wang,Shaowen"
0413954,2004,"Hunn,Eugene"
8408738,1984,"Changnon,Stanley"
8696038,1986,"Winston,Victor"
8600654,1986,"Moriarty,Barry"
9121321,1992,"Molloy,Paula|Williams,Stephen"
9904389,1999,"Vias,Alexander"
0114361,2001,"Begg,Robert"
0416300,2004,"Cova,Thomas"
0126131,2002,"Gabrielson,Thomas|Hovius,Niels|Slingerland,Rudy"
0402150,2004,"Feser,Edward"
8902812,1989,"Cressie,Noel"
0525203,2005,"Lafon,Charles|Cairns,David"
9701830,1997,"Parker,Kathleen"
9905313,1999,"Johnson,Sherri|Jones,Julia"
9213072,1992,"Winkler,Julie"
9304259,1993,"Johnson,Douglas"
8914237,1990,"Wollenberg,Eva|Watts,Michael"
0349986,2004,"Mock,Cary"
8311962,1983,"Mayer,Jonathan"
0097263,2001,"Dove,Michael"
0826373,2008,"Washington-Ottombre,Camille|Pijanowski,Bryan"
8001340,1980,"Hanson,Perry"
9900840,1999,"Holliday,Vance"
0505759,2005,"DeOliveira,Victor"
9106145,1991,
9104731,1991,
8210972,1982,"Palm,Risa"
0902582,2009,"Paige,Sarah|Mayer,Jonathan"
9901272,1998,"Black,William"
9506005,1995,"Watts,Michael"
7919457,1979,"Isard,Walter"
9811145,1998,"Jones,John"
9196167,1991,"Shammas,Carole"
0825406,2008,"Taylor,Zachary|Finkelstein,David|Horn,Sally"
9111853,1991,"Malanson,George"
8109384,1981,"Clark,William A"
9113379,1991,"Garcia,Margot"
8952403,1989,"Cwick,Gary"
9320895,1994,"Woodward,David"
0723398,2007,"Blue,Sarah"
0825278,2008,"Buck,David|Brenner,Mark"
8605613,1986,"Morrow-Jones,Hazel"
8803182,1988,"Hosier,Richard"
0416208,2004,"Yuan,May"
9508426,1995,"Turner,B."
9207039,1992,"Hall,Peter"
9012759,1991,"Zimmerer,Karl"
9875015,1999,"Barrett,Linda"
8410746,1984,"Clark,Gordon"
0341788,2003,"Vorosmarty,Charles"
9201525,1992,"Machette,Michael"
8516644,1986,"Rushton,Gerard"
9506671,1995,"Sheppard,Eric"
7616822,1976,"Nietschmann,Bernard"
9405356,1994,"Schaetzl,Randall"
8604223,1986,"Peuquet,Donna"
0425209,2004,"Rhoads,Bruce"
9422051,1995,"Domosh,Mona"
0554693,2006,"DiBlasi,Michael|Koch,Magaly"
0832367,2007,"Miller,Jennifer"
8712142,1987,"Huff,James"
8722086,1988,"Griffith,Daniel"
66S1109,1966,
0924479,2009,"Emch,Michael"
9019041,1991,"Chin,David|McGranaghan,Matthew"
8014256,1980,"Anas,Alex"
9351783,1993,"Phillips,Jonathan|Gares,Paul"
9505929,1995,"Lloyd,Robert"
8812674,1988,"Harley,J. Brian|Woodward,David"
0239749,2003,"Wasklewicz,Thad"
8513385,1986,"Marble,Duane"
0647249,2007,"Brannstrom,Christian"
7140228,1971,
0348986,2004,"Seto,Karen"
0229358,2003,"Torres,Raymond|Voulgaris,George"
0503151,2005,"Mutersbaugh,Tad"
0327211,2003,"Wolch,Jennifer"
9801837,1998,"Bagchi-Sen,Sharmistha"
0443152,2004,"Elwood,Sarah"
0418281,2004,"Holloway,Steven"
0075028,2000,"Silvey,Rachel"
0647868,2007,"Pryor,Sara"
9627957,1996,"Lam,Nina"
8617230,1987,"Wong,Richard|Lowe,Timothy"
0000275,2000,"Sheppard,Eric"
0136229,2002,"LeSage,James"
9012423,1990,"Liverman,Diana"
0503339,2005,"Peterson,Jeffrey|Harrington,Lisa M."
0728244,2007,"DeLyser,Dydia"
8706847,1987,"Slocum,Terry"
7822020,1979,"Lakshmanan,T."
0703397,2007,"Neuhauser,Duncan"
0526381,2005,"Turner,B.|Polsky,Colin|Turner,B."
8511459,1985,"Boxer,Baruch"
0137170,2002,"Shauman,Kimberlee"
9123396,1993,"Leinbach,Thomas"
0220944,2002,"Hope,Allen"
7818130,1979,"Sopher,David"
9305191,1993,"Pitlick,John"
1002479,2010,"Harley,Grant|Grissino-Mayer,Henri"
8714047,1988,"Johansen,Harley"
9900818,1999,"Herlihy,Peter"
8411219,1984,"Knight,C. Gregory"
9811080,1998,"Graumlich,Lisa"
9515244,1996,"Pickles,John"
0106315,2001,"Leuthart,Clara|Brennan,James|Cerrito,Patricia"
0519546,2005,"Casas,Alejandro|Parker,Kathleen|Friar,Elizabeth|Cruse-Sanders,Jennifer"
9122778,1992,"Feldman,Marshall"
0919381,2009,"Pataki,Diane"
8521502,1986,"Sen,Ashish"
9908279,1999,"Golledge,Reginald"
8413657,1985,"Johnson,Douglas"
68S2153,1968,
9252354,1992,"Hyers,Albert|Balduzy,Diane|Jay,Timothy|May,James"
8713614,1987,"Isserman,Andrew|Rose,Adam|Greenstreet,David|Miernyk,William"
9354870,1994,"Murdoch,William"
9552283,1995,"Reeves,Thomas|Lo,Chor-Pang|Affolter,James"
9106153,1991,
9900876,1999,"Angel,David"
9212204,1992,"Bascom,Johnathan"
7037087,1970,
9911222,2000,"Malecki,Edward"
9210189,1992,"Porter,Philip"
0623301,2006,"Walker,Robert"
0078390,2000,"Clark,William A"
8519391,1986,"Johnson,William"
7140220,1971,
9506062,1995,"Watts,Michael"
9451135,1994,"Naim,Shamim"
8408676,1984,"Steinke,Theodore|Lloyd,Robert"
0518967,2005,"Murray,Alan"
8821514,1989,"Schmitt,James|Hansen,Katherine"
8900240,1989,"Shumsky,Neil|Knox,Paul|Bohland,James"
8320602,1984,"Golledge,Reginald"
8511589,1986,"Pavel,Misha"
9001183,1990,
0602569,2006,"Dunne,Thomas"
0351462,2004,"McCabe,J. Terrence"
9011690,1990,"Demko,George"
0414317,2003,"Blum,Michael"
9251589,1992,"Coleman,Tommy"
8420789,1985,"Mark,David"
9319015,1993,"Crowley,Kevin"
9224515,1993,"Beyers,William"
8605296,1986,"Knox,James"
8713738,1987,"Waylen,Peter|Caviedes,Cesar"
0647878,2007,"Hilty,Jodi"
8115551,1981,"Heusser,Calvin"
9113056,1991,"Abler,Ronald"
67E8216,1967,
8551721,1985,"Dodson,Russell"
9008480,1991,"Thompson,Chris"
8318779,1984,"Scranton,Philip"
8950766,1989,"Bishop,Michael"
0740998,2008,"Ryavec,Karl"
0802667,2007,"Sherriff,Rosemary"
9120237,1992,"Brunt,James"
9320826,1994,"Borjas,George"
0327147,2003,"Hamrick,James"
8513748,1986,"Leatherman,Stephen"
68S1851,1968,
0225780,2002,"Graf,William"
9819828,1999,"Staeheli,Lynn"
0850664,2009,"Bird,Douglas|Bird,Rebecca"
0241286,2003,"Bentley,Mace"
8470674,1985,"Lanegran,David"
7921376,1979,"Duffy,Joseph"
8420268,1985,"Jackson,Randall"
8111411,1981,"Enelow,James"
9121637,1992,"Esparza,Adrian|Waldorf,Brigitte"
7140232,1971,
8906313,1989,"Berk,Richard|Clark,William A"
8112797,1981,"Holz,Robert"
9510318,1995,"Savage,Melissa"
8317803,1984,"Simons,Robert|Ulrich,Roger"
0004357,2001,"Wei,Yehua Dennis"
7035280,1970,
9023563,1991,"Shammas,Carole"
8850500,1988,"Cavaleri,Mark|Kurth-Schai,Ruth-Anne|Pitzl,Gerald"
0000282,2000,"Leitner,Helga"
9122155,1992,"Harrison,Bennett"
7682444,1977,"Gould,Peter"
8921241,1990,"Dear,Michael J.|Wolch,Jennifer"
8400626,1984,
0002193,2000,"Brook,George"
0521663,2005,"Dunne,Thomas|Singer,Michael"
8512445,1985,"Mercer,John"
9617798,1997,"Neumann,Roderick"
8821227,1989,"O'Kelly,Morton"
9732469,1998,"Mattingly,Doreen|Aitken,Stuart"
8511051,1986,"Schoenberger,Erica"
0327615,2003,"Worboys,Michael"
0926985,2009,"Paulson Priebe,Monica|Tucker,Catherine"
9121851,1992,"Krmenec,Andrew"
0095977,2001,"Aoyama,Yuko"
0228876,2003,"Springer,Gregory"
9906961,1999,"Staeheli,Lynn"
0921424,2009,"Gerhardt,Hannes"
70Z7682,1970,
0452389,2005,"Fisher,Robert|Franklin,Janet"
0726806,2007,"Hemond,Harold"
0242023,2003,"Olds,Kristopher|Peck,Jamie"
8915175,1989,"Olson,Judy"
0926751,2009,"Jorgensen,Stacy"
9906935,1999,"Lawson,Victoria"
8912971,1989,"Rockwell,Richard|Featherman,David"
7712752,1977,"Levin,Irwin|Dueker,Kenneth"
0702857,2007,"Jackson,C|Parker,Albert"
9980465,2000,"Whipple,Kelin"
0002340,2000,"Rocheleau,Dianne"
9522969,1995,"Feshbach,Murray|Guroff,Greg|Kaufman,Ira"
9224919,1993,"Karan,Pradyumna"
8022499,1981,"Wolch,Jennifer"
0728075,2007,"Williams,Mark"
0802828,2008,"Zader,Amy|Oakes,Timothy"
8908984,1989,"Hogan,Dennis"
9802119,1998,"Kasperson,Roger"
0327118,2003,"Mason,Joseph"
8618406,1987,"Frohlich,Cliff"
9819292,1999,"Huff,James"
8215623,1983,"Browder,John|Reiner,Thomas"
0505889,2005,"Wang,Ping"
0532839,2005,"Kaye,Margot"
8703575,1987,"Borowiecki,Barbara"
7355455,1973,
9629884,1996,"Sparrow,Roy|Zimmerman,Rae"
0087870,2001,"Medvedkov,Olga|Lewis,Timothy|Ritter,John"
0928711,2009,"Johnson,Leigh|Watts,Michael"
9312630,1994,"MacPherson,Alan"
9104726,1991,
0718257,2007,"Gamble,Douglas"
9529104,1995,"Howard,Alan"
0928950,2010,"Tamayose,Beth|Takahashi,Lois"
0074261,2000,"Fan,C. Cindy"
8320607,1984,"Hansen,Niles"
0229578,2003,"Pinter,Nicholas"
9513889,1996,"Woodcock,Curtis|Gopal,Sucharita"
9001275,1990,
8807552,1988,"PEARSALL,SAM|Murton,Brian"
7812888,1978,"Fujita,Masahisa"
7682632,1977,"Ginsburg,Norton"
0822597,2008,"Walker,Robert"
9014706,1990,"Parker,Albert"
9896307,1998,"Belwood,Jacqueline|Anderson,Kit|MacGillivray,Greg"
7035286,1970,
8923026,1990,"Porter,Philip"
9627842,1996,"Kenny,Judith"
9811349,1998,"Parker,Albert"
0318080,2003,"Okuyama,Yasuhide|Jackson,Randall"
9906763,1999,"Ettlinger,Nancy"
7809145,1978,"Peuquet,Donna"
9628459,1996,"Veblen,Thomas"
0114362,2001,"Murray,Alan"
9308495,1993,"Campbell,James"
9009974,1990,"Davis,Owen"
9115754,1991,"Schmitt,James|Banfield,Jeffrey|Quimby,William|Hansen,Katherine"
0302583,2003,"Glasmeier,Amy"
9553878,1996,"Anderson,John"
8015533,1980,"Walker,Richard"
9123431,1993,"Goss,Jonathan"
9223402,1993,"Fisher,George|Brush,Grace|Curtin,Philip"
0618823,2006,"Takle,Eugene"
9105628,1991,
8412867,1984,"Lawson,Victoria|Brown,Lawrence"
7704591,1977,"Fischer,Victor"
9304771,1993,
0926558,2009,"Marston,Sallie"
8607890,1986,"Beauregard,Robert"
9412310,1994,"McDowell,Patricia"
7724524,1978,"Eidt,Robert"
8119932,1982,"Graf,William"
9096116,1989,"Markusen,Ann"
0520837,2005,"Harrington,Bill|Craft,Gary"
0503160,2005,"Pendall,Elise"
8617459,1987,"Monmonier,Mark"
8511263,1985,"Bartik,Timothy"
8601937,1986,"Dorn,Ronald"
9152076,1991,"Ahearn,Sean|Osleeb,Jeffrey|Walter,Thomas|Clarke,Keith"
8409862,1985,"Guldmann,Jean-Michel"
8119318,1981,"Huff,James|Hanson,Susan"
0237050,2002,"Hudson,Paul"
0541594,2006,"Platt,Rutherford"
0096605,2001,"Bagchi-Sen,Sharmistha"
8014722,1980,"Boyce,David"
0926375,2009,"Speer,James"
0601745,2006,"Solis,Patricia"
0927269,2009,"Clouser,Rebecca|Biles,James"
0115362,2001,"Feldhaus,Anne"
0317530,2003,"Bierman,Paul"
0835956,2008,"Williams,Mark|Monson,Russell|Seastedt,Timothy|Travis,William|Townsend,Alan"
8501821,1985,"Adams,John|Kasakoff,Alice"
0351037,2004,"McSweeney,Kendra|Waite,Thomas|McSweeney,Kendra|Robbins,Paul"
0094908,2001,"Thomas,Wendy|Ruggles,Steven|Block,William|McMaster,Robert|Adams,John"
9800119,1998,"Policansky,David"
9508038,1995,"Changnon,David"
0902280,2009,"Anderson,Donald|Alonso,Ana"
8712173,1987,"Kim,Tschangho"
0452852,2005,"Sills,Erin|Caviglia-Harris,Jill"
9709667,1998,"Willmott,Cort"
0851942,2009,"Pulver,Simone"
9555842,1996,"Yentsch,Clarice"
8100846,1981,"Doolittle,William"
9900788,1999,"Sheppard,Eric"
9726861,1997,"Barten,Paul|Skelly,David|Kellert,Stephen|Bennett,Lynne|Benoit,Gaboury"
9111380,1991,"Krugman,Paul"
0001738,2000,"Malanson,George"
9906894,1999,"Engberg,John"
0002428,2000,"Wessman,Carol"
0000231,2000,"Veblen,Thomas"
9011335,1990,"Ratick,Samuel|Mitchell,Robert|Kasperson,Jeanne|Turner,B.|Kasperson,Roger"
9452814,1994,"Sproat,Ruth"
9507271,1995,"Ferreira,Joseph"
8014980,1980,"Desbarats,Jacquelin"
7810814,1979,"Stuart,David"
9628765,1996,"Brook,George"
9423620,1995,"McMaster,Robert"
640S274,1964,
8954710,1990,"Barton,Nicholas|Calder,Nigel|Sproat,Ruth"
0351558,2004,"Johansen,Harley"
0221144,2002,"Golding,Dominic|Kasperson,Roger"
9984250,2000,"Sparke,Matthew"
0902485,2009,"Cline,Michael|Baker,Victor"
8706620,1987,"Berry,Brian J"
9310647,1993,"Wright,Richard"
9521952,1996,"Knight,C. Gregory"
0229240,2002,"Kaiser,Robert"
8601079,1986,"Baker,William|Vale,Thomas"
7620517,1976,"MacKay,David"
9512484,1995,"Horn,Sally|Orvis,Kenneth|Harden,Carol"
8105842,1981,"Richardson,Bonham"
8308710,1983,"Anas,Alex"
9703558,1997,"Hanson,Susan"
9406597,1994,"Lawson,Victoria"
9730499,1998,"Berkowitz,Daniel"
67S1531,1967,
0521794,2005,"Perz,Stephen"
9223163,1993,"Fan,C. Cindy"
8713408,1987,"Pudup,Mary Beth"
0002367,2000,"Perez,Francisco|Doolittle,William"
9109650,1991,"Angel,David"
9106071,1991,
7824398,1979,"McConnell,James"
0602164,2006,"Veblen,Thomas"
9223985,1993,"Casetti,Emilio"
0753486,2008,"Baro,Mamadou|Gimblett,H. Randal|Park,Thomas|Herrmann,Stefanie"
9205409,1992,
7704359,1977,"Jensen,Robert"
9975505,1999,"Thill,Jean-Claude"
0926879,2009,"Newhouse,Leonie|Mitchell,Katharyne"
0073344,2000,"Abler,Ronald"
9413141,1994,"Murdoch,William"
9986877,2000,"Wright,Richard"
9014577,1990,"Sauer,Jonathan"
9986928,2000,"Ellis,Mark"
0350697,2004,"Ratick,Samuel|Aoyama,Yuko"
7721102,1977,"Bookstein,Fred"
8502886,1985,"Fujita,Masahisa"
9122445,1992,"Renwick,William"
9906691,1999,"Hart,Gillian"
8521554,1986,"Hanham,R."
9618317,1997,"Wright,Richard|Bailey,Adrian"
0852424,2009,"Oberle,Alex|Li,Wei"
0842024,2009,"Smith,Melinda"
7466579,1974,
0239883,2003,"Golledge,Reginald"
8912975,1989,"Mitchell,Robert|Turner,B.|Kasperson,Jeanne|Ratick,Samuel|Kasperson,Roger"
0819087,2008,"Wang,Xiaokun"
9601170,1996,"Johnson,William|Farr,Mark"
0749038,2008,"Scott,Allen"
8618621,1987,"Veblen,Thomas"
9801181,1998,"Watts,Michael"
0302676,2003,"Brush,Stephen|Ustin,Susan"
8309557,1983,"Meade,Melinda"
9506344,1995,"Liu,Kam-biu"
9811142,1998,"Staeheli,Lynn"
0623482,2006,"Jankowski,Piotr"
9112658,1992,"Magilligan,Francis"
7825706,1979,"Natowicz,Frank|Cox,Kevin"
0354499,2004,"Wood,Andrew"
8419923,1985,"Odland,John"
0549789,2005,"Lobben,Amy"
8507880,1985,"Clark,William A"
0422976,2004,"Kuhn,Randall|Silvey,Rachel"
9121398,1992,"Cerveny,Randall"
8816259,1989,"Haggerty,Stephen"
0514229,2004,"O'Lear,Shannon"
8708096,1987,"Teitz,Michael"
9014554,1990,
9452349,1994,"Renwick,William|Medley,Kimberly|Klink,John|Young,Cyrus"
0825621,2008,"Howard,Douglas|Luzzadder-Beach,Sheryl"
8016384,1980,"Adams,John|Kasakoff,Alice"
0926973,2009,"Bush,Mark"
8205961,1982,"Hewings,Geoffrey J"
9016597,1991,"Burpee,C. Gaye|Pierce,Francis"
0351899,2004,"Myint,Soe Win"
9600486,1996,"Hession,William"
9510869,1995,"Ellis,G.|Goodfriend,Glenn"
9986386,2000,"Anderson,William|Lakshmanan,T."
9104490,1991,
9103501,1991,
0078557,2000,"Pope,Gregory|Feng,Zhaodong"
0928705,2009,"Pierce,Andrew|Taylor,Alan"
8501531,1985,"Ermentrout,G. Bard"
9975126,1999,"White,Michael"
0823197,2008,"Sneddon,Christopher"
9050204,1990,"Hill,A. David"
0526314,2005,"Shuman,Bryan"
0617116,2006,"de Souza,Anthony"
7817048,1979,"Heusser,Calvin"
9012916,1990,"McLafferty,Sara"
0743351,2008,"Kulakowski,Dominik"
7509626,1975,"Pitts,Forrest|Henthorn,William"
0200619,2001,"Cutter,Susan|Wilbanks,Thomas|Richardson,Douglas"
9528766,1995,"Florida,Richard"
0242339,2003,"Bishop,Michael|Shroder,John"
9005861,1990,"Rebertus,Alan|Veblen,Thomas"
9515319,1996,"Rhoads,Bruce|Thorn,Colin"
0541480,2006,"Sherriff,Rosemary"
0082460,2000,"Dixon,John"
0101016,2001,"Sheppard,Eric"
9303346,1993,"Tinker,Irene"
9703624,1997,"Vale,Thomas"
9903076,1999,"Simek,Jan"
7905395,1979,"Platt,Rutherford"
0752657,2008,"Zhang,Tonglin"
8922849,1990,
7818132,1978,"Adams,John"
9150829,1991,"Nash,Jeffrey|Hobbs,Elizabeth|Green,Charles|Schultz,Margaret"
7681032,1977,"Good,Charles"
8722477,1988,"McConnell,James"
8619504,1987,"Jones,Richard"
8218571,1983,"Miller,Gary"
9100492,1991,"Moriarty,Barry"
8911770,1989,"Clark,William A"
9811147,1998,"Raitz,Karl|Roberts,Susan"
9024278,1991,"Densham,Paul"
8521344,1986,"Sherman,Douglas"
8616884,1987,"Reynolds,David"
0741636,2007,"Kaiser,Robert"
9506542,1995,"Beyers,William"
0620384,2006,"Arima,Eugenio|Walker,Robert"
68Y3998,1968,
7826767,1979,"Moellering,Harold"
9321119,1994,"Goodchild,Michael"
8006983,1980,"Glickman,Norman"
7726793,1978,"Chapman,Murray"
0352008,2004,"Chapman,Lauren|Southworth,Jane|Chapman,Colin|Binford,Michael|Goldman,Abraham"
9874837,1999,"Bridge,Gavin"
9205339,1992,"Soja,Edward"
8657014,1987,"Dorn,Ronald"
8506843,1985,"Chiu,Yam|Davidson,Gerald"
0136847,2002,"Dahlman,Carl"
0414033,2004,"Rissler,Leslie"
0079077,2000,"Gopal,Sucharita|Kolaczyk,Eric"
7718264,1977,"Anas,Alex"
0000293,2000,"Parker,Kathleen"
0455052,2005,"Gillespie,Thomas"
8713323,1987,"Dueker,Kenneth"
0087842,2001,"Street,Robert|Kitanidis,Peter"
0927850,2009,"Morgan,John|Steinberg,Philip"
0101245,2001,"Stahle,David"
0220976,2002,"Bartlein,Patrick"
9022200,1991,"Frees,Edward"
0522230,2005,"Renschler,Christian"
9511108,1995,"Morrison,Andrew"
0101052,2001,"Fainstein,Susan"
9014535,1990,"Gaile,Gary L."
9218206,1992,"Skorin-Kapov,Jadranka|Skorin-Kapov,Darko"
9308394,1993,"Horowitz,Joel|Thill,Jean-Claude"
9212216,1992,"Wilson,John|Swearingen,Will"
8004413,1980,"Henderson,Floyd"
8950870,1989,"Foust,James Brady"
9604833,1997,"Graumlich,Lisa"
0637256,2007,"Senft,Richard"
7727362,1978,"Shapiro,Perry|Huff,James|Smith,Terence|Clark,William A"
8915659,1989,"Nava,Kathryn|Bennett,Charles"
0903025,2009,"Ritterbusch,Amy|Price,Patricia"
0400559,2003,"Griffith,Daniel"
8302733,1983,"Smith,Terence"
9711760,1997,"Beyers,William"
9355034,1993,"Palmer,Stephen"
8712700,1987,"Elliott-Fisk,Deborah"
7819706,1978,"Berry,Brian J"
9978209,1999,"Goodchild,Michael|Hill,Linda"
0921507,2009,"Goldman,Mara"
9970196,1999,"Craddock,Susan|Oppong,Joseph|Kalipeni,Ezekiel"
0241705,2004,"Darmody,Robert|Thorn,Colin"
7818360,1979,"Gould,Peter"
9307607,1993,"Swetnam,Thomas"
8024542,1981,"Jensen,Robert"
9906771,1999,"Maguire,Lynn|Lind,E. Allan"
9981161,2000,"Travis,David|Anderson,Steven|Johns,P.|Ghosh,Sibdas|Traore,Hassimi"
9631420,1996,"Terwilliger,Valery"
9514971,1996,"Odland,John"
7807416,1978,"White,Stephen"
8617154,1987,"Heusser,Calvin"
8015084,1980,"Reynolds,David"
0604401,2006,"Zhang,Tingjun"
9352401,1993,"Sherman,Robert|Erickson,Rolfe|Baker,Bryan"
9906888,1999,"Mitchell,Donald"
0724964,2007,"Griffith,Daniel|Tiefelsdorf,Michael"
9527559,1995,"Upton,Dell"
9406596,1994,"Lawson,Victoria"
0085224,2001,"Schwartz,Mark"
9200292,1992,"O'Kelly,Morton"
8106979,1981,"Smith,Tony"
8120667,1982,"Hansen,Niles"
9907952,1999,"Manson,Steven|Turner,B."
8805387,1988,"Usselman,Thomas"
9422849,1995,"Sprague,John"
8519342,1986,"Danielson,Michael|Wolpert,Julian"
8211149,1983,"Smith,Tony"
8016418,1980,"Hance,William"
9996013,1998,"Pavlowsky,Robert|Lecce,Scott"
0327288,2003,"Watts,Michael"
9213378,1992,"Atkinson,Joseph|Abrahams,Athol"
9212057,1992,"Fossett,Mark|Cohn,Samuel"
0078734,2000,"Leinbach,Thomas"
0850830,2009,"Forman,Steven"
8820408,1989,"Hansen,Niles"
9809798,1998,"Orvis,Kenneth|Clark,G. Michael|Horn,Sally"
0949525,2010,"Sax,Dov"
9709456,1997,"Pickles,John"
0643322,2007,"Torrens,Paul"
9216667,1992,"Pickett,Steward T. A.|McDonnell,Mark|Groffman,Peter|Likens,Gene"
8811722,1988,"Sheppard,Eric"
7906394,1979,"Sternberg,Hilgard"
8912868,1989,"Cowart,James"
0719158,2008,"Ward,Beverly|Kusenbach,Margarethe"
9412302,1994,"Staeheli,Lynn"
0423900,2004,"Goldstein,Harvey|Feser,Edward"
8507918,1986,"Welch,Ronald"
9103980,1991,"Lambert,Dean|Doolittle,William"
0728236,2007,"Tague,Christina"
0402271,2004,"Secor,Anna"
9510065,1995,"Fredlund,Glen"
8712067,1987,"Willmott,Cort|Burt,James"
7521898,1975,"Rapkin,Chester"
8614255,1986,"Hirsch,Paul|Abrahams,Athol"
9731056,1998,"Starr,Harvey"
7802246,1978,"Kuchler,A.William"
8908941,1989,"Franklin,Janet"
0726446,2007,"Ray,Isha"
9907135,1999,"Fainstein,Susan"
0849959,2009,"Sui,Daniel"
9310969,1993,"Fogel,Marilyn"
9752794,1998,"Kuby,Michael|Gober,Patricia"
8821415,1989,"Johnson,William"
8310096,1983,"Isaac,Robert"
8922062,1989,"Fritz,Lawrence W."
9207169,1992,
0000248,2000,"Wolch,Jennifer"
0845129,2009,"Shuman,Bryan"
0105929,2001,"Townsend,Philip"
8602958,1986,"Ballard,Dana"
7035278,1970,
8507193,1985,"Busenberg,Stavros"
0926198,2009,"Faubion,Charles|Jarosz,Lucy"
0553086,2006,"Heine,Reuben"
9296104,1992,"Graham,David"
9451413,1994,"DeJong,Michael|Meierotto,Richard|Kaplan,David|Werner,Robert"
0924369,2009,"Weiss,Peter|Livingston,Jack|Snow,Julie"
0927173,2009,"Baird,Timothy|Leslie,Paul"
7925038,1979,"Rees,John"
0826012,2008,"Elliott,Grant|Kipfmueller,Kurt"
8909730,1989,"de Palma,Andre"
0096916,2001,"Parker,Gary"
8922033,1990,"Liu,Kam-biu"
7246136,1972,
9714347,1997,"Brown,Daniel"
9810655,1998,"Jones,John|Natter,Wolfgang|Schein,Richard"
8219170,1983,"Getis,Arthur"
8308263,1983,"Tilly,Charles"
8302704,1983,"Church,Richard"
0752183,2008,"Foulkes,Matthew|Larsen,Soren"
8160611,1981,"Baumann,Paul"
8100598,1981,"Weitz,Charles"
0503334,2005,"Liu,Kam-biu"
0921950,2009,"Wright,Dawn"
0902886,2009,"Bou Akar,Hiba|Roy,Ananya"
9205522,1992,
7909370,1979,"Berry,Brian J"
68W3117,1968,
8951119,1989,"Pitzl,Gerald"
9096192,1990,"Brown,Peter|Moomaw,William"
1003871,2010,"Wedding,Lisa|Jorgensen,Stacy"
9710450,1997,"Luger,Michael"
0602166,2006,"Veblen,Thomas"
0822155,2008,"Wu,Changshan"
9601763,1997,"Page,Brian"
7469417,1974,
9526636,1995,"Changnon,David"
8713817,1987,"Beaumont,Paul|Isserman,Andrew"
0921131,2009,"Montello,Daniel|Goodchild,Michael|Nuernberger,Andrea"
0333375,2003,"Pandit,Kavita"
680Z768,1968,
0422599,2004,"Kyriakidis,Phaedon"
8112324,1981,"Cox,Kevin"
8400799,1984,"Peuquet,Donna|Smith,Terence"
0225088,2002,"Pickles,John"
8751887,1989,"Mealor,William|Giannangelo,Duane"
8413172,1985,
9304967,1993,"Butzer,Karl"
8207580,1982,"Miller,Warren"
9122058,1992,"Liu,Kam-biu"
9986238,2000,"Pizzuto,James"
0352748,2004,"Swinehart,James|Goble,Ronald|Loope,David"
8920086,1990,"Scofield,Virginia|Siscoe,George|Turco,Richard"
0318209,2003,"Shekhar,Shashi|Gopal,Sucharita|Kolaczyk,Eric"
0095284,2001,"Grimmond,C Susan"
68S1931,1968,
9808070,1998,"Veblen,Thomas|Baker,William"
8025062,1981,"Conzen,Michael"
9415829,1994,"Stern,Paul"
8413044,1985,"Kates,Robert"
8617894,1986,"Schwab,Margo|Hanson,Susan"
7521818,1976,"Fuchs,Roland"
8406162,1984,
8912867,1989,"Burney,David"
9617695,1997,"Onsrud,Harlan"
8603470,1986,"Carleton,Andrew"
9982141,2000,"Freidberg,Susanne"
8610028,1986,"Gabriel,K. Ruben|Changnon,Stanley"
8162286,1981,"Cromley,Robert"
8401387,1984,"Dow,Maynard"
8705591,1987,"Rogers,Andrei"
0723397,2007,"Drever,Anita"
9123832,1992,"Getis,Arthur"
650S756,1965,
9313563,1993,"Perry,John"
8026730,1981,"Dendrinos,Dimitrios"
0327270,2003,"Ratick,Samuel"
8620188,1987,"Jones,John"
9014536,1990,
0502343,2005,"Wasklewicz,Thad"
8750863,1987,"Imperatore,William"
0652141,2006,"Elwood,Sarah"
9205055,1992,
8107666,1981,"Isacks,Bryan|Barazangi,Muawia"
0802799,2008,"Glasmeier,Amy"
8011451,1980,"Durig,James"
0550330,2006,"Horner,Mark"
7466591,1974,
7819825,1978,"Kulm,LaVerne"
0241062,2003,"Diem,Jeremy|Konrad,Charles|Stallins,Jon"
8552338,1985,"McDowell,Theodore"
0418183,2004,"Wright,Richard"
8607435,1986,"Emel,Jacque"
7412711,1974,"Harvey,Milton|Brown,J. Randal"
9906409,1999,"Kalipeni,Ezekiel"
9318096,1994,"Stevens,George|Brown,James"
9050364,1990,"Eastman,J. Ronald|Lewis,Laurence"
0131876,2002,"South,Scott"
0099011,2001,"Travis,David"
9511611,1995,"Shapira,Philip|Paskaleva,Krassimira"
9009297,1990,"Stevenson,Mary|Tilly,Chris|Bluestone,Barry"
9818917,1999,"Dixon,John"
8618417,1987,"Gersmehl,Philip"
9912067,2000,"Smucker,Thomas|Campbell,David"
7355452,1973,
9986338,2000,"Pitlick,John"
7604821,1976,"Vining,Daniel"
9251093,1992,"Barrett,Carol|Kozak,Rita"
9008771,1991,"Hinkel,Kenneth"
8808743,1989,"Domosh,Mona"
0000270,2000,"Hadley,Keith"
9514907,1996,"Golledge,Reginald"
8722181,1987,"Rhind,D.|Goodchild,M.|Tomlinson,R."
9423865,1995,"Stea,David|Blaut,James"
7918988,1979,"Mehlinger,Howard"
0425273,2004,"Wilson,John"
9512398,1996,"Carlson,Robert|Lee,Jay|Heath,Robert|Cabaniss,Stephen"
8721397,1988,"Arnfield,A"
8704050,1987,"Glantz,Michael|Wilhite,Donald"
9820275,1999,"McKnight,Diane|Gupta,Vijay"
7035282,1970,
9900679,1999,"Helfand,Gloria|Brenner,Andrew|Nassauer,Joan|Allan,David"
0848444,2009,"Cooper,Mark|Turner,Matthew"
9111852,1991,"Walsh,Stephen"
0849838,2009,"Usery,E. Lynn|Ren,Fang|Baber,Robert"
8851274,1988,"Gustafson,Glen"
9305503,1993,"Turner,B."
0822182,2008,"Day,Frederick"
8312247,1983,"Hinich,Melvin"
68S2101,1968,
8801781,1988,"Edney,Matthew|Woodward,David"
0339131,2004,"Cowell,C. Mark|Barham,Mary|McCann,Laura|Kaylen,Michael|Rikoon,J. Sanford"
0602206,2006,"Kaiser,Robert"
8514432,1986,"Kohlenberg,Elizabeth R.|Mayer,Jonathan"
66S1066,1966,
0802842,2008,"Clark,Peter"
0719508,2006,"DeOliveira,Victor"
0850548,2009,"Tomback,Diana|Malanson,George|Resler,Lynn"
0924001,2009,"Rey,Sergio|Griffin,Marie|Murray,Alan"
8218796,1983,"Watts,Michael"
8503886,1985,"van Andel,Tjeerd"
9122145,1992,"Esparza,Adrian"
8722464,1988,"Scarpaci,Joseph"
0820487,2008,"Giordano,Alberto"
8921385,1990,"Anselin,Luc"
0921613,2009,"Solis,Patricia"
9422485,1995,"Feldman,Maryann"
0921952,2009,"Munishi,Pantaleo|Olson,Jennifer|Wangui,Elizabeth|Weiner,Daniel|Smucker,Thomas"
8503523,1986,"Rushton,Gerard"
0921688,2009,"Aguirre,Robert|Nyerges,Timothy"
8317513,1984,"Wolpert,Julian"
8316883,1984,"Winston,Victor"
8004731,1980,"Demko,George"
8309786,1983,"Griffith,Daniel"
9905479,1999,"MacPherson,Alan"
8722084,1988,"Chrisman,Nicholas"
8025209,1981,"Honjo,Susumu"
8710002,1987,"Beatty,Susan"
0927821,2009,"Chmara-Huff,Fletcher|Mansfield,Becky"
7620516,1976,"Pitts,Forrest"
0089801,2001,"Gelfand,Alan|Silander,John"
0923898,2009,"Middleton,William"
9511627,1995,"Lapenis,Andrei|Hoffert,Martin"
9014263,1990,"Strahler,Alan"
9311319,1993,"Fernandez,Roberto"
9025009,1991,"Good,Charles"
8900401,1989,"Elliott-Fisk,Deborah"
8215799,1983,"Nastrom,Gregory"
8603787,1986,"Mahaffy,Joseph"
9986541,2000,"Feser,Edward"
0647818,2007,"Domosh,Mona"
8911517,1989,"de Palma,Andre"
0921757,2009,"Stein,Howard|Askew,Kelly"
0452453,2005,"Hart,Roger"
8310591,1983,"Enelow,James"
9104467,1991,
9206725,1992,"McDowell,Patricia"
9321614,1994,"Pulido,Laura"
9615961,1997,"Whitlock,Cathy"
0310935,2003,"Fournier,Eric|Blanchard,Paul|Brown,James|Stiles,Robert|Baber,Robert"
0221053,2002,"Mitchell,Donald"
8410917,1984,"Hewings,Geoffrey J"
6008112,1960,
9619411,1997,"Swetnam,Thomas"
0114395,2001,"Smith,Adrian|Pickles,John"
8909425,1989,"Chang,Williamson  B."
8922196,1990,"Bilsborrow,Richard"
0748813,2008,"Guo,Diansheng"
68E5248,1968,
7907845,1979,"Thompson,Donald|Denevan,William"
8470570,1985,"Hill,A. David"
9811046,1998,"Peluso,Nancy"
0849910,2009,"Goodchild,Michael"
0076284,2000,"de Souza,Anthony"
8300747,1983,"Horel,John"
7621802,1976,"Cohen,Saul"
0726512,2007,"Lam,Nina"
9901080,1999,"Horn,Sally"
8308981,1983,"Fryer,Donald"
7700978,1977,"Bookstein,Fred|Tobler,Waldo"
9205549,1992,
9730067,1998,"Sluyter,Andrew"
8412722,1985,"Mercer,John"
8711869,1987,"Turner,B."
9818667,1999,"Darmody,Robert|Thorn,Colin"
9123291,1992,"Silver,Hilary|White,Michael"
0323139,2003,"Flessa,Karl"
0522062,2005,"Walker,Robert|Qi,Jiaguo|Simmons,Cynthia"
8552384,1986,"Lanegran,David"
8014232,1980,"Wolpert,Julian|Reiner,Thomas"
0822799,2008,"Arima,Eugenio"
0727443,2007,"Holloway,Steven"
9709847,1997,"Wu,Weiping"
7727701,1978,"Welch,Roy|Pannell,Clifton"
9709810,1997,"Malanson,George"
9906418,1999,"Pinon,Marites|Stea,David"
0418553,2004,"Ellis,Mark"
0243102,2003,"Walker,Robert"
8513759,1985,"Baumann,Duane"
9900910,1999,"Pred,Allan"
0117806,2001,"Young,Kenneth|Knapp,Gregory"
0117366,2001,"Veblen,Thomas"
0095796,2001,"Band,Lawrence"
0617953,2006,"Willott,Elizabeth|Jones,John|Comrie,Andrew|Robbins,Paul"
0752936,2008,"Caviglia-Harris,Jill"
9405247,1994,"Haskell,Edwin|Currey,Donald"
9412592,1994,"Obermeyer,Nancy"
0425225,2004,"Holloway,Steven"
9508137,1995,"Harden,Carol"
0703387,2007,"Monmonier,Mark|Mountz,Alison"
8606436,1986,"Airriess,Chris|Leinbach,Thomas"
9405198,1994,"Schaetzl,Randall"
9001104,1990,"Balek,Cynthia|Johnson,Donald"
8712881,1987,"Wilson,John"
9014589,1990,"Harley,John Brian"
0726797,2007,"Crews,Kelley"
0302603,2003,"Glasmeier,Amy"
9709914,1997,"Glasmeier,Amy"
0843940,2009,"Warren,William"
8309008,1983,"Anselin,Luc"
0826465,2008,"Pearson,Amber|Mayer,Jonathan"
7623917,1977,"Morrill,Richard"
8109662,1981,"Horiba,Yutaka"
8722811,1988,"Milton,Nancy"
9206716,1992,
9618343,1997,"Chakravorty,Sanjoy"
0525938,2005,"Scott,Allen"
8815412,1988,"Barry,Roger"
9406272,1994,"Taylor,Alan"
9729409,1997,"Karelis,Charles"
0107607,2001,"Power,Helen"
9320126,1994,"Miller,Harvey"
0623229,2006,"Crews,Kelley|Crews,Kelley|Young,Kenneth"
9320819,1994,"Bilsborrow,Richard"
8017631,1980,"Conklin,George"
8216620,1983,"Dendrinos,Dimitrios"
0351058,2004,"Gamper-Rabindran,Shanti"
9210093,1992,"Ventura,Stephen|McSweeney,Kevin"
9508433,1995,"Zimmerer,Karl"
8812929,1988,"Henderson,Floyd"
9906617,1999,"Beatty,Susan"
7466577,1974,
9250310,1992,"Holz,Robert|Foote,Kenneth"
0095205,2001,"Peet,Richard|Angel,David"
0099123,2001,"Mohai,Paul"
67S1451,1967,
7420006,1974,"Wolpert,Julian"
7907215,1979,"Miller,Ronald|Blair,Peter"
7822018,1979,"Blouet,Brian"
9901026,1999,"Malecki,Edward"
8713043,1987,"Smith,Neil"
8907868,1989,"O hUallachain,Breandan"
0854738,2008,"Lin,Ge"
9415106,1995,"Blad,Blaine|Hoffman,Glenn"
8518426,1986,"Graf,William"
9322558,1994,"Abler,Ronald"
9304644,1993,
8412028,1984,"Craumer,Peter|Lewis,Robert"
9980419,2000,"Granger,Darryl"
0000280,2000,"Mutersbaugh,Tad"
0554925,2005,"Wikle,Thomas|Pike,Lynn|Morrow,Betty|Phillips,Brenda"
9710073,1997,"Momsen,Janet"
8809392,1988,"Grofman,Bernard"
8703742,1987,"Isserman,Andrew"
0101269,2001,"Caine,T. Nelson"
9906626,1999,"Oberhauser,Ann"
0603172,2006,"Courtenay,William|Ostergren,Robert"
8910257,1989,"Leslie,Stuart|Schoenberger,Erica|Kargon,Robert"
9617800,1997,"Pavlowsky,Robert|Lecce,Scott"
9508193,1995,"Zimmerer,Karl"
0101100,2001,"Hepner,George"
8921919,1990,"Grimmond,C Susan"
9020815,1991,"Steila,Donald"
9802043,1998,"Getis,Arthur"
68S1773,1968,
0002695,2000,"Black,William"
9975557,1999,"Smith,Barry|Mark,David"
0703244,2007,"Graf,William"
7715429,1977,"Stone,Kirk"
8412928,1984,"Gray,Arnold|Turner,B."
8121305,1982,"Wheaton,William"
9819003,1998,"Gares,Paul"
9711262,1997,"Watts,Michael"
0327609,2003,"Taylor,Holly"
8822208,1989,"Florida,Richard"
9410612,1994,"Anselin,Luc"
9218790,1994,"Fulker,David"
8520093,1986,"Yarnal,Brenton"
9630999,1996,"MacDonald,Glen"
9404700,1994,"Brazel,Anthony"
9422355,1995,"Robeson,Scott"
8106955,1981,"Persky,Joseph"
9810144,1998,"Kammen,Daniel|Naughton,Lisa"
7925630,1980,"Clark,William A"
